[

    { "model": "auth.user",
        "pk": 1,
        "fields": {
            "username": "simon",
            "password": "password_simon"
        }
    },
    { "model": "auth.user",
        "pk": 2,
        "fields": {
            "username": "samson",
            "password": "password_samson"
        }
    },
    { "model": "auth.user",
        "pk": 3,
        "fields": {
            "username": "christofer",
            "password": "password_christofer"
        }
    },
    { "model": "auth.user",
        "pk": 4,
        "fields": {
            "username": "margarita",
            "password": "password_margarita"
        }
    },
      {
    "model": "tenantApp.Question",
    "pk": 1,
    "fields": {
      "question_title": "What do you know about Python?",
      "is_private": 0,
      "user_id":1
    }
  },
  {
    "model": "tenantApp.Question",
    "pk": 2,
    "fields": {
      "question_title": "How to run .py file?",
      "is_private": 1,
      "user_id":3
    }
  },
  {
    "model": "tenantApp.Question",
    "pk": 3,
    "fields": {
      "question_title": "Explain what is Django?",
      "is_private": 0,
      "user_id":2
    }

  },
  {
    "model": "tenantApp.Question",
    "pk": 4,
    "fields": {
      "question_title": "What are the supported data types in Python?",
      "is_private": 0,
      "user_id":2
    }

  },
  {
    "model": "tenantApp.Question",
    "pk": 5,
    "fields": {
      "question_title": "What is the purpose of PYTHONCASEOK environment variable?",
      "is_private": 0,
      "user_id":2
    }
  },
    {
    "model": "tenantApp.Question",
    "pk": 6,
    "fields": {
      "question_title": "What is the purpose of PYTHONHOME environment variable?",
      "is_private": 0,
      "user_id":4
    }
  },
  {
    "model": "tenantApp.Question",
    "pk": 7,
    "fields": {
      "question_title": "Is python a case sensitive language?",
      "is_private": 1,
      "user_id":3
    }
  },
  {
    "model": "tenantApp.Question",
    "pk": 8,
    "fields": {
      "question_title": "What is the output of print str if str = 'Hello World!'?",
      "is_private": 0,
      "user_id":2
    }
  },
    {
    "model": "tenantApp.Question",
    "pk": 9,
    "fields": {
      "question_title": "What is the output of print str[0] if str = 'Hello World!'?",
      "is_private": 0,
      "user_id":1
    }
  },
  {
    "model": "tenantApp.Question",
    "pk": 10,
    "fields": {
      "question_title": "What is the output of print str[2:5] if str = 'Hello World!'?",
      "is_private": 1,
      "user_id":3
    }
  },
  {
    "model": "tenantApp.Question",
    "pk": 11,
    "fields": {
      "question_title": "What is the output of print str[2:] if str = 'Hello World!'?",
      "is_private": 0,
      "user_id":4
    }

  },
  {
    "model": "tenantApp.Question",
    "pk": 12,
    "fields": {
      "question_title": "What is the output of print str * 2 if str = 'Hello World!'?",
      "is_private": 0,
      "user_id":2
    }
  },
      {
    "model": "tenantApp.Question",
    "pk": 13,
    "fields": {
      "question_title": "What is the output of print str + 'TEST' if str = 'Hello World!'?",
      "is_private": 0,
      "user_id":1
    }
  },
  {
    "model": "tenantApp.Question",
    "pk": 14,
    "fields": {
      "question_title": "What is the output of print list if list = [ 'abcd', 786 , 2.23, 'john', 70.2 ]?",
      "is_private": 1,
      "user_id":3
    }
  },
  {
    "model": "tenantApp.Question",
    "pk": 15,
    "fields": {
      "question_title": "What is the output of print list[0] if list = [ 'abcd', 786 , 2.23, 'john', 70.2 ]?",
      "is_private": 0,
      "user_id":2
    }

  },
  {
    "model": "tenantApp.Question",
    "pk": 16,
    "fields": {
      "question_title": "What is the output of print list[1:3] if list = [ 'abcd', 786 , 2.23, 'john', 70.2 ]?",
      "is_private": 0,
      "user_id":2
    }
  },
    {
    "model": "tenantApp.Question",
    "pk": 17,
    "fields": {
      "question_title": "What is the output of print list[2:] if list = [ 'abcd', 786 , 2.23, 'john', 70.2 ]?",
      "is_private": 0,
      "user_id":2
    }
  },
    {
    "model": "tenantApp.Question",
    "pk": 18,
    "fields": {
      "question_title": "What is the output of print tinylist * 2 if tinylist = [123, 'john']?",
      "is_private": 0,
      "user_id":2
    }
  },
    {
    "model": "tenantApp.Answer",
    "pk": 1,
    "fields": {
      "answer_body": "Python is a high-level, interpreted, interactive and object-oriented scripting language. Python is designed to be highly readable.",
      "question_id": 1,
      "user_id":1
    }
  },
  {
    "model": "tenantApp.Answer",
    "pk": 2,
    "fields": {
      "answer_body": "python keyword with py file name.",
      "question_id": 2,
      "user_id":3
    }
  },
  {
    "model": "tenantApp.Answer",
    "pk": 3,
    "fields": {
      "answer_body": "Django is a web framework in python to develop a web application in python.",
      "question_id": 3,
      "user_id":2
    }

  },
  {
    "model": "tenantApp.Answer",
    "pk": 4,
    "fields": {
      "answer_body": "It is an alternative module search path.",
      "question_id": 7,
      "user_id":2
    }

  },
  {
    "model": "tenantApp.Answer",
    "pk": 5,
    "fields": {
      "answer_body": " It contains the path of an initialization file containing Python source code. ",
      "question_id": 4,
      "user_id":2
    }
  },
    {
    "model": "tenantApp.Answer",
    "pk": 6,
    "fields": {
      "answer_body": "It contains the path of an initialization file containing Python source code.",
      "question_id": 5,
      "user_id":4
    }
  },
  {
    "model": "tenantApp.Answer",
    "pk": 7,
    "fields": {
      "answer_body": "It is used in Windows to instruct Python to find the first case-insensitive match in an import statement.",
      "question_id": 6,
      "user_id":3
    }
  },
  {
    "model": "tenantApp.Answer",
    "pk": 8,
    "fields": {
      "answer_body": "Yes! Python is a case sensitive programming language.",
      "question_id": 8,
      "user_id":2
    }
  },
    {
    "model": "tenantApp.Answer",
    "pk": 9,
    "fields": {
      "answer_body": "Python has five standard data types −Numbers,String,List,Tuple",
      "question_id": 9,
      "user_id":1
    }
  },
  {
    "model": "tenantApp.Answer",
    "pk": 10,
    "fields": {
      "answer_body": "It will print complete string. Output would be Hello World!.",
      "question_id": 10,
      "user_id":3
    }
  },
  {
    "model": "tenantApp.Answer",
    "pk": 11,
    "fields": {
      "answer_body": "It will print first character of the string. Output would be H.",
      "question_id": 11,
      "user_id":4
    }

  },
  {
    "model": "tenantApp.Answer",
    "pk": 12,
    "fields": {
      "answer_body": "It will print characters starting from 3rd to 5th. Output would be llo.",
      "question_id": 12,
      "user_id":2
    }
  },
      {
    "model": "tenantApp.Answer",
    "pk": 13,
    "fields": {
      "answer_body": "It will print characters starting from 3rd character. Output would be llo World!.",
      "question_id": 13,
      "user_id":1
    }
  },
  {
    "model": "tenantApp.Answer",
    "pk": 14,
    "fields": {
      "answer_body": "It will print string two times. Output would be Hello World!Hello World!.",
      "question_id": 14,
      "user_id":3
    }
  },
  {
    "model": "tenantApp.Answer",
    "pk": 15,
    "fields": {
      "answer_body": "It will print concatenated string. Output would be Hello World!TEST.",
      "question_id": 15,
      "user_id":2
    }

  },
  {
    "model": "tenantApp.Answer",
    "pk": 16,
    "fields": {
      "answer_body": "It will print concatenated lists. Output would be [ 'abcd', 786 , 2.23, 'john', 70.2 ].",
      "question_id": 16,
      "user_id":2
    }
  },
    {
    "model": "tenantApp.Answer",
    "pk": 17,
    "fields": {
      "answer_body": "It will print first element of the list. Output would be abcd.",
      "question_id": 17,
      "user_id":2
    }
  },
    {
    "model": "tenantApp.Answer",
    "pk": 18,
    "fields": {
      "answer_body": "It will print elements starting from 2nd till 3rd. Output would be [786, 2.23].",
      "question_id": 18,
      "user_id":2
    }
  },
  {
    "model": "tenantApp.Tenant",
    "pk": 1,
    "fields": {
      "tenant_name": "Webwerks",
      "api_key": "s3sd521dc5c32csdc65sdc321zcsd65d"
    }
  },
  {
    "model": "tenantApp.Tenant",
    "pk": 2,
    "fields": {
      "tenant_name": "Neosoft",
      "api_key": "5as65csdc1sd65321csd65321csd6516"
    }
  }


]
